"Player","Year","Sport"
"Alfredo di Stefano",1945,"Soccer"
"Alfredo di Stefano",1946,"Soccer"
"Alfredo di Stefano",1947,"Soccer"
"Alfredo di Stefano",1948,"Soccer"
"Alfredo di Stefano",1949,"Soccer"
"Alfredo di Stefano",1950,"Soccer"
"Alfredo di Stefano",1951,"Soccer"
"Alfredo di Stefano",1952,"Soccer"
"Alfredo di Stefano",1953,"Soccer"
"Alfredo di Stefano",1954,"Soccer"
"Alfredo di Stefano",1955,"Soccer"
"Alfredo di Stefano",1956,"Soccer"
"Alfredo di Stefano",1957,"Soccer"
"Alfredo di Stefano",1958,"Soccer"
"Alfredo di Stefano",1959,"Soccer"
"Alfredo di Stefano",1960,"Soccer"
"Alfredo di Stefano",1961,"Soccer"
"Alfredo di Stefano",1962,"Soccer"
"Alfredo di Stefano",1963,"Soccer"
"Alfredo di Stefano",1964,"Soccer"
"Alfredo di Stefano",1965,"Soccer"
"Alfredo di Stefano",1966,"Soccer"
"Diego Maradona",1976,"Soccer"
"Diego Maradona",1977,"Soccer"
"Diego Maradona",1978,"Soccer"
"Diego Maradona",1979,"Soccer"
"Diego Maradona",1980,"Soccer"
"Diego Maradona",1981,"Soccer"
"Diego Maradona",1982,"Soccer"
"Diego Maradona",1983,"Soccer"
"Diego Maradona",1984,"Soccer"
"Diego Maradona",1985,"Soccer"
"Diego Maradona",1986,"Soccer"
"Diego Maradona",1987,"Soccer"
"Diego Maradona",1988,"Soccer"
"Diego Maradona",1989,"Soccer"
"Diego Maradona",1990,"Soccer"
"Diego Maradona",1991,"Soccer"
"Diego Maradona",1992,"Soccer"
"Diego Maradona",1993,"Soccer"
"Diego Maradona",1994,"Soccer"
"Diego Maradona",1995,"Soccer"
"Diego Maradona",1996,"Soccer"
"Diego Maradona",1997,"Soccer"
"Ferenc Puskas",1945,"Soccer"
"Ferenc Puskas",1946,"Soccer"
"Ferenc Puskas",1947,"Soccer"
"Ferenc Puskas",1948,"Soccer"
"Ferenc Puskas",1949,"Soccer"
"Ferenc Puskas",1950,"Soccer"
"Ferenc Puskas",1951,"Soccer"
"Ferenc Puskas",1952,"Soccer"
"Ferenc Puskas",1953,"Soccer"
"Ferenc Puskas",1954,"Soccer"
"Ferenc Puskas",1955,"Soccer"
"Ferenc Puskas",1956,"Soccer"
"Ferenc Puskas",1957,"Soccer"
"Ferenc Puskas",1958,"Soccer"
"Ferenc Puskas",1959,"Soccer"
"Ferenc Puskas",1960,"Soccer"
"Ferenc Puskas",1961,"Soccer"
"Ferenc Puskas",1962,"Soccer"
"Ferenc Puskas",1963,"Soccer"
"Ferenc Puskas",1964,"Soccer"
"Ferenc Puskas",1965,"Soccer"
"Ferenc Puskas",1966,"Soccer"
"Giuseppe Meazza",1945,"Soccer"
"Giuseppe Meazza",1946,"Soccer"
"Giuseppe Meazza",1947,"Soccer"
"Hugo Sanchez",1945,"Soccer"
"Hugo Sanchez",1946,"Soccer"
"Hugo Sanchez",1947,"Soccer"
"Pele",1956,"Soccer"
"Pele",1957,"Soccer"
"Pele",1958,"Soccer"
"Pele",1959,"Soccer"
"Pele",1960,"Soccer"
"Pele",1961,"Soccer"
"Pele",1962,"Soccer"
"Pele",1963,"Soccer"
"Pele",1964,"Soccer"
"Pele",1965,"Soccer"
"Pele",1966,"Soccer"
"Pele",1967,"Soccer"
"Pele",1968,"Soccer"
"Pele",1969,"Soccer"
"Pele",1970,"Soccer"
"Pele",1971,"Soccer"
"Pele",1972,"Soccer"
"Pele",1973,"Soccer"
"Pele",1974,"Soccer"
"Pele",1975,"Soccer"
"Pele",1976,"Soccer"
"Pele",1977,"Soccer"
"Cristiano Ronaldo",2002,"Soccer"
"Cristiano Ronaldo",2003,"Soccer"
"Cristiano Ronaldo",2004,"Soccer"
"Cristiano Ronaldo",2005,"Soccer"
"Cristiano Ronaldo",2006,"Soccer"
"Cristiano Ronaldo",2007,"Soccer"
"Cristiano Ronaldo",2008,"Soccer"
"Cristiano Ronaldo",2009,"Soccer"
"Cristiano Ronaldo",2010,"Soccer"
"Cristiano Ronaldo",2011,"Soccer"
"Cristiano Ronaldo",2012,"Soccer"
"Cristiano Ronaldo",2013,"Soccer"
"Cristiano Ronaldo",2014,"Soccer"
"Cristiano Ronaldo",2015,"Soccer"
"Cristiano Ronaldo",2016,"Soccer"
"Cristiano Ronaldo",2017,"Soccer"
"Cristiano Ronaldo",2018,"Soccer"
"Cristiano Ronaldo",2019,"Soccer"
"Cristiano Ronaldo",2020,"Soccer"
"Cristiano Ronaldo",2021,"Soccer"
"Cristiano Ronaldo",2022,"Soccer"
"Cristiano Ronaldo",2023,"Soccer"
"Lionel Messi",2003,"Soccer"
"Lionel Messi",2004,"Soccer"
"Lionel Messi",2005,"Soccer"
"Lionel Messi",2006,"Soccer"
"Lionel Messi",2007,"Soccer"
"Lionel Messi",2008,"Soccer"
"Lionel Messi",2009,"Soccer"
"Lionel Messi",2010,"Soccer"
"Lionel Messi",2011,"Soccer"
"Lionel Messi",2012,"Soccer"
"Lionel Messi",2013,"Soccer"
"Lionel Messi",2014,"Soccer"
"Lionel Messi",2015,"Soccer"
"Lionel Messi",2016,"Soccer"
"Lionel Messi",2017,"Soccer"
"Lionel Messi",2018,"Soccer"
"Lionel Messi",2019,"Soccer"
"Lionel Messi",2020,"Soccer"
"Lionel Messi",2021,"Soccer"
"Lionel Messi",2022,"Soccer"
"Lionel Messi",2023,"Soccer"
"Donald Bradman",1945,"Cricket"
"Donald Bradman",1946,"Cricket"
"Donald Bradman",1947,"Cricket"
"Donald Bradman",1948,"Cricket"
"Donald Bradman",1949,"Cricket"
"Bill Tilden",1945,"Tennis"
"Bill Tilden",1946,"Tennis"
"Don Budge",1945,"Tennis"
"Don Budge",1946,"Tennis"
"Don Budge",1947,"Tennis"
"Don Budge",1948,"Tennis"
"Don Budge",1949,"Tennis"
"Don Budge",1950,"Tennis"
"Don Budge",1951,"Tennis"
"Don Budge",1952,"Tennis"
"Don Budge",1953,"Tennis"
"Don Budge",1954,"Tennis"
"Don Budge",1955,"Tennis"
"Pete Sampras",1988,"Tennis"
"Pete Sampras",1989,"Tennis"
"Pete Sampras",1990,"Tennis"
"Pete Sampras",1991,"Tennis"
"Pete Sampras",1992,"Tennis"
"Pete Sampras",1993,"Tennis"
"Pete Sampras",1994,"Tennis"
"Pete Sampras",1995,"Tennis"
"Pete Sampras",1996,"Tennis"
"Pete Sampras",1997,"Tennis"
"Pete Sampras",1998,"Tennis"
"Pete Sampras",1999,"Tennis"
"Pete Sampras",2000,"Tennis"
"Pete Sampras",2001,"Tennis"
"Pete Sampras",2002,"Tennis"
"Rod Laver",1956,"Tennis"
"Rod Laver",1957,"Tennis"
"Rod Laver",1958,"Tennis"
"Rod Laver",1959,"Tennis"
"Rod Laver",1960,"Tennis"
"Rod Laver",1961,"Tennis"
"Rod Laver",1962,"Tennis"
"Rod Laver",1963,"Tennis"
"Rod Laver",1964,"Tennis"
"Rod Laver",1965,"Tennis"
"Rod Laver",1966,"Tennis"
"Rod Laver",1967,"Tennis"
"Rod Laver",1968,"Tennis"
"Rod Laver",1969,"Tennis"
"Rod Laver",1970,"Tennis"
"Rod Laver",1971,"Tennis"
"Rod Laver",1972,"Tennis"
"Rod Laver",1973,"Tennis"
"Rod Laver",1974,"Tennis"
"Rod Laver",1975,"Tennis"
"Rod Laver",1976,"Tennis"
"Rod Laver",1977,"Tennis"
"Rod Laver",1978,"Tennis"
"Rod Laver",1979,"Tennis"
"Roger Federer",1998,"Tennis"
"Roger Federer",1999,"Tennis"
"Roger Federer",2000,"Tennis"
"Roger Federer",2001,"Tennis"
"Roger Federer",2002,"Tennis"
"Roger Federer",2003,"Tennis"
"Roger Federer",2004,"Tennis"
"Roger Federer",2005,"Tennis"
"Roger Federer",2006,"Tennis"
"Roger Federer",2007,"Tennis"
"Roger Federer",2008,"Tennis"
"Roger Federer",2009,"Tennis"
"Roger Federer",2010,"Tennis"
"Roger Federer",2011,"Tennis"
"Roger Federer",2012,"Tennis"
"Roger Federer",2013,"Tennis"
"Roger Federer",2014,"Tennis"
"Roger Federer",2015,"Tennis"
"Roger Federer",2016,"Tennis"
"Roger Federer",2017,"Tennis"
"Roger Federer",2018,"Tennis"
"Roger Federer",2019,"Tennis"
"Roger Federer",2020,"Tennis"
"Roger Federer",2021,"Tennis"
"Roger Federer",2022,"Tennis"
"Novak Djokovic",2003,"Tennis"
"Novak Djokovic",2004,"Tennis"
"Novak Djokovic",2005,"Tennis"
"Novak Djokovic",2006,"Tennis"
"Novak Djokovic",2007,"Tennis"
"Novak Djokovic",2008,"Tennis"
"Novak Djokovic",2009,"Tennis"
"Novak Djokovic",2010,"Tennis"
"Novak Djokovic",2011,"Tennis"
"Novak Djokovic",2012,"Tennis"
"Novak Djokovic",2013,"Tennis"
"Novak Djokovic",2014,"Tennis"
"Novak Djokovic",2015,"Tennis"
"Novak Djokovic",2016,"Tennis"
"Novak Djokovic",2017,"Tennis"
"Novak Djokovic",2018,"Tennis"
"Novak Djokovic",2019,"Tennis"
"Novak Djokovic",2020,"Tennis"
"Novak Djokovic",2021,"Tennis"
"Novak Djokovic",2022,"Tennis"
"Novak Djokovic",2023,"Tennis"
"Rafael Nadal",2001,"Tennis"
"Rafael Nadal",2002,"Tennis"
"Rafael Nadal",2003,"Tennis"
"Rafael Nadal",2004,"Tennis"
"Rafael Nadal",2005,"Tennis"
"Rafael Nadal",2006,"Tennis"
"Rafael Nadal",2007,"Tennis"
"Rafael Nadal",2008,"Tennis"
"Rafael Nadal",2009,"Tennis"
"Rafael Nadal",2010,"Tennis"
"Rafael Nadal",2011,"Tennis"
"Rafael Nadal",2012,"Tennis"
"Rafael Nadal",2013,"Tennis"
"Rafael Nadal",2014,"Tennis"
"Rafael Nadal",2015,"Tennis"
"Rafael Nadal",2016,"Tennis"
"Rafael Nadal",2017,"Tennis"
"Rafael Nadal",2018,"Tennis"
"Rafael Nadal",2019,"Tennis"
"Rafael Nadal",2020,"Tennis"
"Rafael Nadal",2021,"Tennis"
"Rafael Nadal",2022,"Tennis"
"Rafael Nadal",2023,"Tennis"
"Roy Emerson",1953,"Tennis"
"Roy Emerson",1954,"Tennis"
"Roy Emerson",1955,"Tennis"
"Roy Emerson",1956,"Tennis"
"Roy Emerson",1957,"Tennis"
"Roy Emerson",1958,"Tennis"
"Roy Emerson",1959,"Tennis"
"Roy Emerson",1960,"Tennis"
"Roy Emerson",1961,"Tennis"
"Roy Emerson",1962,"Tennis"
"Roy Emerson",1963,"Tennis"
"Roy Emerson",1964,"Tennis"
"Roy Emerson",1965,"Tennis"
"Roy Emerson",1966,"Tennis"
"Roy Emerson",1967,"Tennis"
"Roy Emerson",1968,"Tennis"
"Roy Emerson",1969,"Tennis"
"Roy Emerson",1970,"Tennis"
"Roy Emerson",1971,"Tennis"
"Roy Emerson",1972,"Tennis"
"Roy Emerson",1973,"Tennis"
"Roy Emerson",1974,"Tennis"
"Roy Emerson",1975,"Tennis"
"Roy Emerson",1976,"Tennis"
"Roy Emerson",1977,"Tennis"
"Roy Emerson",1978,"Tennis"
"Roy Emerson",1979,"Tennis"
"Roy Emerson",1980,"Tennis"
"Roy Emerson",1981,"Tennis"
"Roy Emerson",1982,"Tennis"
"Roy Emerson",1983,"Tennis"
"Bill Russell",1956,"Basketball"
"Bill Russell",1957,"Basketball"
"Bill Russell",1958,"Basketball"
"Bill Russell",1959,"Basketball"
"Bill Russell",1960,"Basketball"
"Bill Russell",1961,"Basketball"
"Bill Russell",1962,"Basketball"
"Bill Russell",1963,"Basketball"
"Bill Russell",1964,"Basketball"
"Bill Russell",1965,"Basketball"
"Bill Russell",1966,"Basketball"
"Bill Russell",1967,"Basketball"
"Bill Russell",1968,"Basketball"
"Bill Russell",1969,"Basketball"
"George Mikan",1948,"Basketball"
"George Mikan",1949,"Basketball"
"George Mikan",1950,"Basketball"
"George Mikan",1951,"Basketball"
"George Mikan",1952,"Basketball"
"George Mikan",1953,"Basketball"
"George Mikan",1954,"Basketball"
"George Mikan",1955,"Basketball"
"George Mikan",1956,"Basketball"
"Kareem Abdul-Jabbar",1969,"Basketball"
"Kareem Abdul-Jabbar",1970,"Basketball"
"Kareem Abdul-Jabbar",1971,"Basketball"
"Kareem Abdul-Jabbar",1972,"Basketball"
"Kareem Abdul-Jabbar",1973,"Basketball"
"Kareem Abdul-Jabbar",1974,"Basketball"
"Kareem Abdul-Jabbar",1975,"Basketball"
"Kareem Abdul-Jabbar",1976,"Basketball"
"Kareem Abdul-Jabbar",1977,"Basketball"
"Kareem Abdul-Jabbar",1978,"Basketball"
"Kareem Abdul-Jabbar",1979,"Basketball"
"Kareem Abdul-Jabbar",1980,"Basketball"
"Kareem Abdul-Jabbar",1981,"Basketball"
"Kareem Abdul-Jabbar",1982,"Basketball"
"Kareem Abdul-Jabbar",1983,"Basketball"
"Kareem Abdul-Jabbar",1984,"Basketball"
"Kareem Abdul-Jabbar",1985,"Basketball"
"Kareem Abdul-Jabbar",1986,"Basketball"
"Kareem Abdul-Jabbar",1987,"Basketball"
"Kareem Abdul-Jabbar",1988,"Basketball"
"Kareem Abdul-Jabbar",1989,"Basketball"
"Michael Jordan",1984,"Basketball"
"Michael Jordan",1985,"Basketball"
"Michael Jordan",1986,"Basketball"
"Michael Jordan",1987,"Basketball"
"Michael Jordan",1988,"Basketball"
"Michael Jordan",1989,"Basketball"
"Michael Jordan",1990,"Basketball"
"Michael Jordan",1991,"Basketball"
"Michael Jordan",1992,"Basketball"
"Michael Jordan",1993,"Basketball"
"Michael Jordan",1995,"Basketball"
"Michael Jordan",1996,"Basketball"
"Michael Jordan",1997,"Basketball"
"Michael Jordan",1998,"Basketball"
"Michael Jordan",2001,"Basketball"
"Michael Jordan",2002,"Basketball"
"Michael Jordan",2003,"Basketball"
"Wilt Chamberlain",1959,"Basketball"
"Wilt Chamberlain",1960,"Basketball"
"Wilt Chamberlain",1961,"Basketball"
"Wilt Chamberlain",1962,"Basketball"
"Wilt Chamberlain",1963,"Basketball"
"Wilt Chamberlain",1964,"Basketball"
"Wilt Chamberlain",1965,"Basketball"
"Wilt Chamberlain",1966,"Basketball"
"Wilt Chamberlain",1967,"Basketball"
"Wilt Chamberlain",1968,"Basketball"
"Wilt Chamberlain",1969,"Basketball"
"Wilt Chamberlain",1970,"Basketball"
"Wilt Chamberlain",1971,"Basketball"
"Wilt Chamberlain",1972,"Basketball"
"Wilt Chamberlain",1973,"Basketball"
"John Stockton",1984,"Basketball"
"John Stockton",1985,"Basketball"
"John Stockton",1986,"Basketball"
"John Stockton",1987,"Basketball"
"John Stockton",1988,"Basketball"
"John Stockton",1989,"Basketball"
"John Stockton",1990,"Basketball"
"John Stockton",1991,"Basketball"
"John Stockton",1992,"Basketball"
"John Stockton",1993,"Basketball"
"John Stockton",1994,"Basketball"
"John Stockton",1995,"Basketball"
"John Stockton",1996,"Basketball"
"John Stockton",1997,"Basketball"
"John Stockton",1998,"Basketball"
"John Stockton",1999,"Basketball"
"John Stockton",2000,"Basketball"
"John Stockton",2001,"Basketball"
"John Stockton",2002,"Basketball"
"John Stockton",2003,"Basketball"
"Lebron James",2003,"Basketball"
"Lebron James",2004,"Basketball"
"Lebron James",2005,"Basketball"
"Lebron James",2006,"Basketball"
"Lebron James",2007,"Basketball"
"Lebron James",2008,"Basketball"
"Lebron James",2009,"Basketball"
"Lebron James",2010,"Basketball"
"Lebron James",2011,"Basketball"
"Lebron James",2012,"Basketball"
"Lebron James",2013,"Basketball"
"Lebron James",2014,"Basketball"
"Lebron James",2015,"Basketball"
"Lebron James",2016,"Basketball"
"Lebron James",2017,"Basketball"
"Lebron James",2018,"Basketball"
"Lebron James",2019,"Basketball"
"Lebron James",2020,"Basketball"
"Lebron James",2021,"Basketball"
"Lebron James",2022,"Basketball"
"Lebron James",2023,"Basketball"
"Barry Bonds",1986,"Baseball"
"Barry Bonds",1987,"Baseball"
"Barry Bonds",1988,"Baseball"
"Barry Bonds",1989,"Baseball"
"Barry Bonds",1990,"Baseball"
"Barry Bonds",1991,"Baseball"
"Barry Bonds",1992,"Baseball"
"Barry Bonds",1993,"Baseball"
"Barry Bonds",1994,"Baseball"
"Barry Bonds",1995,"Baseball"
"Barry Bonds",1996,"Baseball"
"Barry Bonds",1997,"Baseball"
"Barry Bonds",1998,"Baseball"
"Barry Bonds",1999,"Baseball"
"Barry Bonds",2000,"Baseball"
"Barry Bonds",2001,"Baseball"
"Barry Bonds",2002,"Baseball"
"Barry Bonds",2003,"Baseball"
"Barry Bonds",2004,"Baseball"
"Barry Bonds",2005,"Baseball"
"Barry Bonds",2006,"Baseball"
"Barry Bonds",2007,"Baseball"
"Joe DiMaggio",1945,"Baseball"
"Joe DiMaggio",1946,"Baseball"
"Joe DiMaggio",1947,"Baseball"
"Joe DiMaggio",1948,"Baseball"
"Joe DiMaggio",1949,"Baseball"
"Joe DiMaggio",1950,"Baseball"
"Joe DiMaggio",1951,"Baseball"
"Stan Musial",1945,"Baseball"
"Stan Musial",1946,"Baseball"
"Stan Musial",1947,"Baseball"
"Stan Musial",1948,"Baseball"
"Stan Musial",1949,"Baseball"
"Stan Musial",1950,"Baseball"
"Stan Musial",1951,"Baseball"
"Stan Musial",1952,"Baseball"
"Stan Musial",1953,"Baseball"
"Stan Musial",1954,"Baseball"
"Stan Musial",1955,"Baseball"
"Stan Musial",1956,"Baseball"
"Stan Musial",1957,"Baseball"
"Stan Musial",1958,"Baseball"
"Stan Musial",1959,"Baseball"
"Stan Musial",1960,"Baseball"
"Stan Musial",1961,"Baseball"
"Stan Musial",1962,"Baseball"
"Stan Musial",1963,"Baseball"
"Ted Williams",1946,"Baseball"
"Ted Williams",1947,"Baseball"
"Ted Williams",1948,"Baseball"
"Ted Williams",1949,"Baseball"
"Ted Williams",1950,"Baseball"
"Ted Williams",1951,"Baseball"
"Ted Williams",1952,"Baseball"
"Ted Williams",1953,"Baseball"
"Ted Williams",1954,"Baseball"
"Ted Williams",1955,"Baseball"
"Ted Williams",1956,"Baseball"
"Ted Williams",1957,"Baseball"
"Ted Williams",1958,"Baseball"
"Ted Williams",1959,"Baseball"
"Ted Williams",1960,"Baseball"
"Don Hutson",1945,"Football"
"Jerry Rice",1985,"Football"
"Jerry Rice",1986,"Football"
"Jerry Rice",1987,"Football"
"Jerry Rice",1988,"Football"
"Jerry Rice",1989,"Football"
"Jerry Rice",1990,"Football"
"Jerry Rice",1991,"Football"
"Jerry Rice",1992,"Football"
"Jerry Rice",1993,"Football"
"Jerry Rice",1994,"Football"
"Jerry Rice",1995,"Football"
"Jerry Rice",1996,"Football"
"Jerry Rice",1997,"Football"
"Jerry Rice",1998,"Football"
"Jerry Rice",1999,"Football"
"Jerry Rice",2000,"Football"
"Jerry Rice",2001,"Football"
"Jerry Rice",2002,"Football"
"Jerry Rice",2003,"Football"
"Jerry Rice",2004,"Football"
"Jim Brown",1957,"Football"
"Jim Brown",1958,"Football"
"Jim Brown",1959,"Football"
"Jim Brown",1960,"Football"
"Jim Brown",1961,"Football"
"Jim Brown",1962,"Football"
"Jim Brown",1963,"Football"
"Jim Brown",1964,"Football"
"Jim Brown",1965,"Football"
"Johnny Unitas",1955,"Football"
"Johnny Unitas",1956,"Football"
"Johnny Unitas",1957,"Football"
"Johnny Unitas",1958,"Football"
"Johnny Unitas",1959,"Football"
"Johnny Unitas",1960,"Football"
"Johnny Unitas",1961,"Football"
"Johnny Unitas",1962,"Football"
"Johnny Unitas",1963,"Football"
"Johnny Unitas",1964,"Football"
"Johnny Unitas",1965,"Football"
"Johnny Unitas",1966,"Football"
"Johnny Unitas",1967,"Football"
"Johnny Unitas",1968,"Football"
"Johnny Unitas",1969,"Football"
"Johnny Unitas",1970,"Football"
"Johnny Unitas",1971,"Football"
"Johnny Unitas",1972,"Football"
"Johnny Unitas",1973,"Football"
"Lawrence Taylor",1981,"Football"
"Lawrence Taylor",1982,"Football"
"Lawrence Taylor",1983,"Football"
"Lawrence Taylor",1984,"Football"
"Lawrence Taylor",1985,"Football"
"Lawrence Taylor",1986,"Football"
"Lawrence Taylor",1987,"Football"
"Lawrence Taylor",1988,"Football"
"Lawrence Taylor",1989,"Football"
"Lawrence Taylor",1990,"Football"
"Lawrence Taylor",1991,"Football"
"Lawrence Taylor",1992,"Football"
"Lawrence Taylor",1993,"Football"
"Otto Graham",1946,"Football"
"Otto Graham",1947,"Football"
"Otto Graham",1948,"Football"
"Otto Graham",1949,"Football"
"Otto Graham",1950,"Football"
"Otto Graham",1951,"Football"
"Otto Graham",1952,"Football"
"Otto Graham",1953,"Football"
"Otto Graham",1954,"Football"
"Otto Graham",1955,"Football"
"Tom Brady",2000,"Football"
"Tom Brady",2001,"Football"
"Tom Brady",2002,"Football"
"Tom Brady",2003,"Football"
"Tom Brady",2004,"Football"
"Tom Brady",2005,"Football"
"Tom Brady",2006,"Football"
"Tom Brady",2007,"Football"
"Tom Brady",2008,"Football"
"Tom Brady",2009,"Football"
"Tom Brady",2010,"Football"
"Tom Brady",2011,"Football"
"Tom Brady",2012,"Football"
"Tom Brady",2013,"Football"
"Tom Brady",2014,"Football"
"Tom Brady",2015,"Football"
"Tom Brady",2016,"Football"
"Tom Brady",2017,"Football"
"Tom Brady",2018,"Football"
"Tom Brady",2019,"Football"
"Tom Brady",2020,"Football"
"Tom Brady",2021,"Football"
"Tom Brady",2022,"Football"
"Tom Brady",2023,"Football"
"Brett Favre",1991,"Football"
"Brett Favre",1992,"Football"
"Brett Favre",1993,"Football"
"Brett Favre",1994,"Football"
"Brett Favre",1995,"Football"
"Brett Favre",1996,"Football"
"Brett Favre",1997,"Football"
"Brett Favre",1998,"Football"
"Brett Favre",1999,"Football"
"Brett Favre",2000,"Football"
"Brett Favre",2001,"Football"
"Brett Favre",2002,"Football"
"Brett Favre",2003,"Football"
"Brett Favre",2004,"Football"
"Brett Favre",2005,"Football"
"Brett Favre",2006,"Football"
"Brett Favre",2007,"Football"
"Brett Favre",2008,"Football"
"Brett Favre",2009,"Football"
"Brett Favre",2010,"Football"
"Peyton Manning",1998,"Football"
"Peyton Manning",1999,"Football"
"Peyton Manning",2000,"Football"
"Peyton Manning",2001,"Football"
"Peyton Manning",2002,"Football"
"Peyton Manning",2003,"Football"
"Peyton Manning",2004,"Football"
"Peyton Manning",2005,"Football"
"Peyton Manning",2006,"Football"
"Peyton Manning",2007,"Football"
"Peyton Manning",2008,"Football"
"Peyton Manning",2009,"Football"
"Peyton Manning",2010,"Football"
"Peyton Manning",2011,"Football"
"Peyton Manning",2012,"Football"
"Peyton Manning",2013,"Football"
"Peyton Manning",2014,"Football"
"Peyton Manning",2015,"Football"
"Gordie Howe",1946,"Hockey"
"Gordie Howe",1947,"Hockey"
"Gordie Howe",1948,"Hockey"
"Gordie Howe",1949,"Hockey"
"Gordie Howe",1950,"Hockey"
"Gordie Howe",1951,"Hockey"
"Gordie Howe",1952,"Hockey"
"Gordie Howe",1953,"Hockey"
"Gordie Howe",1954,"Hockey"
"Gordie Howe",1955,"Hockey"
"Gordie Howe",1956,"Hockey"
"Gordie Howe",1957,"Hockey"
"Gordie Howe",1958,"Hockey"
"Gordie Howe",1959,"Hockey"
"Gordie Howe",1960,"Hockey"
"Gordie Howe",1961,"Hockey"
"Gordie Howe",1962,"Hockey"
"Gordie Howe",1963,"Hockey"
"Gordie Howe",1964,"Hockey"
"Gordie Howe",1965,"Hockey"
"Gordie Howe",1966,"Hockey"
"Gordie Howe",1967,"Hockey"
"Gordie Howe",1968,"Hockey"
"Gordie Howe",1969,"Hockey"
"Gordie Howe",1970,"Hockey"
"Gordie Howe",1971,"Hockey"
"Gordie Howe",1973,"Hockey"
"Gordie Howe",1974,"Hockey"
"Gordie Howe",1975,"Hockey"
"Gordie Howe",1976,"Hockey"
"Gordie Howe",1977,"Hockey"
"Gordie Howe",1978,"Hockey"
"Gordie Howe",1979,"Hockey"
"Gordie Howe",1980,"Hockey"
"Maurice Richard",1945,"Hockey"
"Maurice Richard",1946,"Hockey"
"Maurice Richard",1947,"Hockey"
"Maurice Richard",1948,"Hockey"
"Maurice Richard",1949,"Hockey"
"Maurice Richard",1950,"Hockey"
"Maurice Richard",1951,"Hockey"
"Maurice Richard",1952,"Hockey"
"Maurice Richard",1953,"Hockey"
"Maurice Richard",1954,"Hockey"
"Maurice Richard",1955,"Hockey"
"Maurice Richard",1956,"Hockey"
"Maurice Richard",1957,"Hockey"
"Maurice Richard",1958,"Hockey"
"Maurice Richard",1959,"Hockey"
"Maurice Richard",1960,"Hockey"
"Wayne Gretzky",1978,"Hockey"
"Wayne Gretzky",1979,"Hockey"
"Wayne Gretzky",1980,"Hockey"
"Wayne Gretzky",1981,"Hockey"
"Wayne Gretzky",1982,"Hockey"
"Wayne Gretzky",1983,"Hockey"
"Wayne Gretzky",1984,"Hockey"
"Wayne Gretzky",1985,"Hockey"
"Wayne Gretzky",1986,"Hockey"
"Wayne Gretzky",1987,"Hockey"
"Wayne Gretzky",1988,"Hockey"
"Wayne Gretzky",1989,"Hockey"
"Wayne Gretzky",1990,"Hockey"
"Wayne Gretzky",1991,"Hockey"
"Wayne Gretzky",1992,"Hockey"
"Wayne Gretzky",1993,"Hockey"
"Wayne Gretzky",1994,"Hockey"
"Wayne Gretzky",1995,"Hockey"
"Wayne Gretzky",1996,"Hockey"
"Wayne Gretzky",1997,"Hockey"
"Wayne Gretzky",1998,"Hockey"
"Wayne Gretzky",1999,"Hockey"
"Mark Messier",1978,"Hockey"
"Mark Messier",1979,"Hockey"
"Mark Messier",1980,"Hockey"
"Mark Messier",1981,"Hockey"
"Mark Messier",1982,"Hockey"
"Mark Messier",1983,"Hockey"
"Mark Messier",1984,"Hockey"
"Mark Messier",1985,"Hockey"
"Mark Messier",1986,"Hockey"
"Mark Messier",1987,"Hockey"
"Mark Messier",1988,"Hockey"
"Mark Messier",1989,"Hockey"
"Mark Messier",1990,"Hockey"
"Mark Messier",1991,"Hockey"
"Mark Messier",1992,"Hockey"
"Mark Messier",1993,"Hockey"
"Mark Messier",1994,"Hockey"
"Mark Messier",1995,"Hockey"
"Mark Messier",1996,"Hockey"
"Mark Messier",1997,"Hockey"
"Mark Messier",1998,"Hockey"
"Mark Messier",1999,"Hockey"
"Mark Messier",2000,"Hockey"
"Mark Messier",2001,"Hockey"
"Mark Messier",2002,"Hockey"
"Mark Messier",2003,"Hockey"
"Mark Messier",2004,"Hockey"
"Jack Nicklaus",1962,"Golf"
"Jack Nicklaus",1963,"Golf"
"Jack Nicklaus",1964,"Golf"
"Jack Nicklaus",1965,"Golf"
"Jack Nicklaus",1966,"Golf"
"Jack Nicklaus",1967,"Golf"
"Jack Nicklaus",1968,"Golf"
"Jack Nicklaus",1969,"Golf"
"Jack Nicklaus",1970,"Golf"
"Jack Nicklaus",1971,"Golf"
"Jack Nicklaus",1972,"Golf"
"Jack Nicklaus",1973,"Golf"
"Jack Nicklaus",1974,"Golf"
"Jack Nicklaus",1975,"Golf"
"Jack Nicklaus",1976,"Golf"
"Jack Nicklaus",1977,"Golf"
"Jack Nicklaus",1978,"Golf"
"Jack Nicklaus",1979,"Golf"
"Jack Nicklaus",1980,"Golf"
"Jack Nicklaus",1981,"Golf"
"Jack Nicklaus",1982,"Golf"
"Jack Nicklaus",1983,"Golf"
"Jack Nicklaus",1984,"Golf"
"Jack Nicklaus",1985,"Golf"
"Jack Nicklaus",1986,"Golf"
"Byron Nelson",1945,"Golf"
"Sam Snead",1945,"Golf"
"Sam Snead",1946,"Golf"
"Sam Snead",1947,"Golf"
"Sam Snead",1948,"Golf"
"Sam Snead",1949,"Golf"
"Sam Snead",1950,"Golf"
"Sam Snead",1951,"Golf"
"Sam Snead",1952,"Golf"
"Sam Snead",1953,"Golf"
"Sam Snead",1954,"Golf"
"Tiger Woods",1997,"Golf"
"Tiger Woods",1998,"Golf"
"Tiger Woods",1999,"Golf"
"Tiger Woods",2000,"Golf"
"Tiger Woods",2001,"Golf"
"Tiger Woods",2002,"Golf"
"Tiger Woods",2003,"Golf"
"Tiger Woods",2004,"Golf"
"Tiger Woods",2005,"Golf"
"Tiger Woods",2006,"Golf"
"Tiger Woods",2007,"Golf"
"Tiger Woods",2008,"Golf"
"Tiger Woods",2009,"Golf"
"Tiger Woods",2010,"Golf"
"Tiger Woods",2011,"Golf"
"Tiger Woods",2012,"Golf"
"Tiger Woods",2013,"Golf"
"Tiger Woods",2014,"Golf"
"Tiger Woods",2015,"Golf"
"Tiger Woods",2016,"Golf"
"Tiger Woods",2017,"Golf"
"Tiger Woods",2018,"Golf"
"Tiger Woods",2019,"Golf"
"Bobby Fischer",1957,"Chess"
"Bobby Fischer",1958,"Chess"
"Bobby Fischer",1959,"Chess"
"Bobby Fischer",1960,"Chess"
"Bobby Fischer",1961,"Chess"
"Bobby Fischer",1962,"Chess"
"Bobby Fischer",1963,"Chess"
"Bobby Fischer",1964,"Chess"
"Bobby Fischer",1965,"Chess"
"Bobby Fischer",1966,"Chess"
"Bobby Fischer",1967,"Chess"
"Bobby Fischer",1968,"Chess"
"Bobby Fischer",1969,"Chess"
"Bobby Fischer",1970,"Chess"
"Bobby Fischer",1971,"Chess"
"Bobby Fischer",1972,"Chess"
"Bobby Fischer",1992,"Chess"
"Garry Kasparov",1978,"Chess"
"Garry Kasparov",1979,"Chess"
"Garry Kasparov",1980,"Chess"
"Garry Kasparov",1981,"Chess"
"Garry Kasparov",1982,"Chess"
"Garry Kasparov",1983,"Chess"
"Garry Kasparov",1984,"Chess"
"Garry Kasparov",1985,"Chess"
"Garry Kasparov",1986,"Chess"
"Garry Kasparov",1987,"Chess"
"Garry Kasparov",1988,"Chess"
"Garry Kasparov",1989,"Chess"
"Garry Kasparov",1990,"Chess"
"Garry Kasparov",1991,"Chess"
"Garry Kasparov",1992,"Chess"
"Garry Kasparov",1993,"Chess"
"Garry Kasparov",1994,"Chess"
"Garry Kasparov",1995,"Chess"
"Garry Kasparov",1996,"Chess"
"Garry Kasparov",1997,"Chess"
"Garry Kasparov",1998,"Chess"
"Garry Kasparov",1999,"Chess"
"Garry Kasparov",2000,"Chess"
"Garry Kasparov",2001,"Chess"
"Garry Kasparov",2002,"Chess"
"Garry Kasparov",2003,"Chess"
"Garry Kasparov",2004,"Chess"
"Garry Kasparov",2005,"Chess"
"Magnus Carlson",2004,"Chess"
"Magnus Carlson",2005,"Chess"
"Magnus Carlson",2006,"Chess"
"Magnus Carlson",2007,"Chess"
"Magnus Carlson",2008,"Chess"
"Magnus Carlson",2009,"Chess"
"Magnus Carlson",2010,"Chess"
"Magnus Carlson",2011,"Chess"
"Magnus Carlson",2012,"Chess"
"Magnus Carlson",2013,"Chess"
"Magnus Carlson",2014,"Chess"
"Magnus Carlson",2015,"Chess"
"Magnus Carlson",2016,"Chess"
"Magnus Carlson",2017,"Chess"
"Magnus Carlson",2018,"Chess"
"Magnus Carlson",2019,"Chess"
"Magnus Carlson",2020,"Chess"
"Magnus Carlson",2021,"Chess"
"Magnus Carlson",2022,"Chess"
"Magnus Carlson",2023,"Chess"
"Mikhail Botvinnik",1945,"Chess"
"Mikhail Botvinnik",1946,"Chess"
"Mikhail Botvinnik",1947,"Chess"
"Mikhail Botvinnik",1948,"Chess"
"Mikhail Botvinnik",1949,"Chess"
"Mikhail Botvinnik",1950,"Chess"
"Mikhail Botvinnik",1951,"Chess"
"Mikhail Botvinnik",1952,"Chess"
"Mikhail Botvinnik",1953,"Chess"
"Mikhail Botvinnik",1954,"Chess"
"Mikhail Botvinnik",1955,"Chess"
"Mikhail Botvinnik",1956,"Chess"
"Mikhail Botvinnik",1957,"Chess"
"Mikhail Botvinnik",1958,"Chess"
"Mikhail Botvinnik",1959,"Chess"
"Mikhail Botvinnik",1960,"Chess"
"Mikhail Botvinnik",1961,"Chess"
"Mikhail Botvinnik",1962,"Chess"
"Mikhail Botvinnik",1963,"Chess"
"Mikhail Botvinnik",1964,"Chess"
"Mikhail Botvinnik",1965,"Chess"
"Mikhail Botvinnik",1966,"Chess"
"Mikhail Botvinnik",1967,"Chess"
"Mikhail Botvinnik",1968,"Chess"
"Mikhail Botvinnik",1969,"Chess"
"Mikhail Botvinnik",1970,"Chess"
"Alain Gottvalles",1960,"Swimming"
"Alain Gottvalles",1961,"Swimming"
"Alain Gottvalles",1962,"Swimming"
"Alain Gottvalles",1963,"Swimming"
"Alain Gottvalles",1964,"Swimming"
"Alexander Popov",1990,"Swimming"
"Alexander Popov",1991,"Swimming"
"Alexander Popov",1992,"Swimming"
"Alexander Popov",1993,"Swimming"
"Alexander Popov",1994,"Swimming"
"Alexander Popov",1995,"Swimming"
"Alexander Popov",1996,"Swimming"
"Alexander Popov",1997,"Swimming"
"Alexander Popov",1998,"Swimming"
"Alexander Popov",1999,"Swimming"
"Alexander Popov",2000,"Swimming"
"Alexander Popov",2001,"Swimming"
"Alexander Popov",2002,"Swimming"
"Alexander Popov",2003,"Swimming"
"Alexander Popov",2004,"Swimming"
"Alexander Popov",2005,"Swimming"
"Cesar Cielo",2004,"Swimming"
"Cesar Cielo",2005,"Swimming"
"Cesar Cielo",2006,"Swimming"
"Cesar Cielo",2007,"Swimming"
"Cesar Cielo",2008,"Swimming"
"Cesar Cielo",2009,"Swimming"
"Cesar Cielo",2010,"Swimming"
"Cesar Cielo",2011,"Swimming"
"Cesar Cielo",2012,"Swimming"
"Cesar Cielo",2013,"Swimming"
"Cesar Cielo",2014,"Swimming"
"Cesar Cielo",2015,"Swimming"
"Cesar Cielo",2016,"Swimming"
"Cesar Cielo",2017,"Swimming"
"Cesar Cielo",2018,"Swimming"
"Cesar Cielo",2019,"Swimming"
"Cesar Cielo",2020,"Swimming"
"Cesar Cielo",2021,"Swimming"
"Cesar Cielo",2022,"Swimming"
"Cesar Cielo",2023,"Swimming"
"David Popovici",2021,"Swimming"
"David Popovici",2022,"Swimming"
"David Popovici",2023,"Swimming"
"Eamon Sullivan",2002,"Swimming"
"Eamon Sullivan",2003,"Swimming"
"Eamon Sullivan",2004,"Swimming"
"Eamon Sullivan",2005,"Swimming"
"Eamon Sullivan",2006,"Swimming"
"Eamon Sullivan",2007,"Swimming"
"Eamon Sullivan",2008,"Swimming"
"Jim Montgomery",1973,"Swimming"
"Jim Montgomery",1974,"Swimming"
"Jim Montgomery",1975,"Swimming"
"Jim Montgomery",1976,"Swimming"
"John Devitt",1952,"Swimming"
"John Devitt",1953,"Swimming"
"John Devitt",1954,"Swimming"
"John Devitt",1955,"Swimming"
"John Devitt",1956,"Swimming"
"John Devitt",1957,"Swimming"
"John Devitt",1958,"Swimming"
"John Devitt",1959,"Swimming"
"John Devitt",1960,"Swimming"
"Jon Henricks",1952,"Swimming"
"Jon Henricks",1953,"Swimming"
"Jon Henricks",1954,"Swimming"
"Jon Henricks",1955,"Swimming"
"Jon Henricks",1956,"Swimming"
"Jon Henricks",1957,"Swimming"
"Jon Henricks",1958,"Swimming"
"Jon Henricks",1959,"Swimming"
"Jon Henricks",1960,"Swimming"
"Jonty Skinner",1973,"Swimming"
"Jonty Skinner",1974,"Swimming"
"Jonty Skinner",1975,"Swimming"
"Jonty Skinner",1976,"Swimming"
"Kenneth Walsh",1965,"Swimming"
"Kenneth Walsh",1966,"Swimming"
"Kenneth Walsh",1967,"Swimming"
"Kenneth Walsh",1968,"Swimming"
"Manuel Dos Santos",1955,"Swimming"
"Manuel Dos Santos",1956,"Swimming"
"Manuel Dos Santos",1957,"Swimming"
"Manuel Dos Santos",1958,"Swimming"
"Manuel Dos Santos",1959,"Swimming"
"Manuel Dos Santos",1960,"Swimming"
"Manuel Dos Santos",1961,"Swimming"
"Manuel Dos Santos",1962,"Swimming"
"Manuel Dos Santos",1963,"Swimming"
"Manuel Dos Santos",1964,"Swimming"
"Manuel Dos Santos",1965,"Swimming"
"Manuel Dos Santos",1966,"Swimming"
"Manuel Dos Santos",1967,"Swimming"
"Manuel Dos Santos",1968,"Swimming"
"Manuel Dos Santos",1969,"Swimming"
"Mark Spitz",1965,"Swimming"
"Mark Spitz",1966,"Swimming"
"Mark Spitz",1967,"Swimming"
"Mark Spitz",1968,"Swimming"
"Mark Spitz",1969,"Swimming"
"Mark Spitz",1970,"Swimming"
"Mark Spitz",1971,"Swimming"
"Mark Spitz",1972,"Swimming"
"Matt Biondi",1984,"Swimming"
"Matt Biondi",1985,"Swimming"
"Matt Biondi",1986,"Swimming"
"Matt Biondi",1987,"Swimming"
"Matt Biondi",1988,"Swimming"
"Matt Biondi",1989,"Swimming"
"Matt Biondi",1990,"Swimming"
"Matt Biondi",1991,"Swimming"
"Matt Biondi",1992,"Swimming"
"Pieter Van Den Hoogenband",1993,"Swimming"
"Pieter Van Den Hoogenband",1994,"Swimming"
"Pieter Van Den Hoogenband",1995,"Swimming"
"Pieter Van Den Hoogenband",1996,"Swimming"
"Pieter Van Den Hoogenband",1997,"Swimming"
"Pieter Van Den Hoogenband",1998,"Swimming"
"Pieter Van Den Hoogenband",1999,"Swimming"
"Pieter Van Den Hoogenband",2000,"Swimming"
"Pieter Van Den Hoogenband",2001,"Swimming"
"Pieter Van Den Hoogenband",2002,"Swimming"
"Pieter Van Den Hoogenband",2003,"Swimming"
"Pieter Van Den Hoogenband",2004,"Swimming"
"Pieter Van Den Hoogenband",2005,"Swimming"
"Pieter Van Den Hoogenband",2006,"Swimming"
"Pieter Van Den Hoogenband",2007,"Swimming"
"Pieter Van Den Hoogenband",2008,"Swimming"
"Rowdy Gaines",1978,"Swimming"
"Rowdy Gaines",1979,"Swimming"
"Rowdy Gaines",1980,"Swimming"
"Rowdy Gaines",1981,"Swimming"
"Rowdy Gaines",1982,"Swimming"
"Rowdy Gaines",1983,"Swimming"
"Rowdy Gaines",1984,"Swimming"
"Michael Phelps",2000,"Swimming"
"Michael Phelps",2001,"Swimming"
"Michael Phelps",2002,"Swimming"
"Michael Phelps",2003,"Swimming"
"Michael Phelps",2004,"Swimming"
"Michael Phelps",2005,"Swimming"
"Michael Phelps",2006,"Swimming"
"Michael Phelps",2007,"Swimming"
"Michael Phelps",2008,"Swimming"
"Michael Phelps",2009,"Swimming"
"Michael Phelps",2010,"Swimming"
"Michael Phelps",2011,"Swimming"
"Michael Phelps",2012,"Swimming"
"Michael Phelps",2013,"Swimming"
"Michael Phelps",2014,"Swimming"
"Michael Phelps",2015,"Swimming"
"Michael Phelps",2016,"Swimming"
